{"cameraMode":{"drawMode":0,"name":"Shaded","section":"Shading Mode"},"sceneLighting":true,"audioPlay":false,"sceneViewState":{"showFog":true,"showMaterialUpdate":false,"showSkybox":true,"showFlares":true,"showImageEffects":true,"showParticleSystems":true},"in2DMode":false,"pivot":{"x":-0.13327515125274659,"y":0.22234869003295899,"z":0.2447599172592163},"rotation":{"x":-0.29355692863464358,"y":-0.3181470036506653,"z":0.1043054461479187,"w":-0.8953921794891357},"size":2.8152213096618654,"orthographic":false}